{
    "entityTypes": [
      {
        "entityType": "rawmaterial"
      },
      {
        "entityType": "service"
      },
      {
        "entityType": "productgroup"
      },
      {
        "entityType": "mro"
      },
      {
        "entityType": "sku"
      }
     
    ],
    "contextTypes": [
      {
        "contextType": "dcountry"
      }
    ],
    "custominput": {
      "entityids": ["belgium01322424variant","belgium01262963variant","belgium01626062variant"],
      "entitytype": "sku",
      "contexttype": "dcountry",
      "contextname": "Belgium"
    },
    "environmentName": "rdpdsna07",
    "tenantID": "baxterpimds",
    "batchsize": 100,
    "updateself": "Yes",
    "updatecontext": "no",
    "analysismode": "Off",
    "usecutomiput": "no",
    "referencevalue" : "udc59bu/ersvCQilqUtyoqO",
    "simpleattribute": [
      {
        "sourceAttribute": "bu"
      }
    ],
    "nestedattribute": [
      {
      }
    ],
    "multivalued": [
      {}
    ]
  }