{
  "entityTypes": [
    {
      "entityType": "vendorvariant"
    },
    {
      "entityType": "product"
    }

  ],
  "excludeattributelist": [
    {
      "entityType": "vendorvariant",
      "attributelist": [
        {
          "attributename": "businessentityid"
        }
      ]
    }
  ],
  "specificAttributeList": [
    {
      "entityType": "product",
      "simpleattributelist": [
        {
          "attributename": "technology"
        },
        {
          "attributename": "modelfamily"
        }
      ]
    },
    {
      "entityType": "vendorvariant",
      "simpleattributelist": [
        {
          "attributename": "currency"
        }
      ],
      "nestedattributelist": [
        {
          "nestedattributename": "methodofpayment",
          "childattributename": "paymentmethodtype"
        },
        {
          "nestedattributename": "vendorbankdetails",
          "childattributename": "bankaccountnumber"
        }
      ]
    }

  ],
  "contextTypes": [
    {
      "contextType": "vendorcompany"
    },
    {
      "contextType": "productcompany"
    }
  ],
  "deleteinheritedvalue": "no",
  "valuetoconsiderfordelete": "",
  "considerallgivenattribute":"Yes",
  "environmentname": "rdpdsna07",
  "tenantid": "brightstards",
  "batchsize": 100,
  "updateself": "Yes",
  "updatecontext": "Yes",
  "systemDataLocale": "en-US",
  "analysismode": "On",
  "deletevalue": "Yes",
  "deleteattribute": "No",
  "inputfordelete": {
    "propertyname": "os",
    "propertyvalue": "businessRule"
  }
}
