{
  "environmentname": "rdpdsna07",
  "tenantid": "baxterpimds,autozoneds,goodeggsds,marzettids,rdwrdpdsna07,samsclubds,sbdds,scjds,smuckersds2,smuckersds4,ssids2",
  "typesCriterion": "policylimitevent,troubleshootingevent",
  "systemDataLocale": "en-US",
  "considerAttributeCriteria" : "no",
  "considerAttributeCriteria" : "no",
  "attributename" : "module",
  "attributevalue" : "entityManageService",
  "attributeType" : "string",
  "policylimiteventheaders" : "createdOn,requestId,module,requestGroupId",
  "troubleshootingeventheaders": "createdOn,requestId,module,requestGroupId",
  "startdate" : "2020-12-14T00:00:00.405-0500",
  "enddate" : "2020-12-18T00:00:00.405-0500"



}