{
  "entityTypes": [
    {
      "entityType": "sku"
    }
  ],
  "contextTypes": [
    {
      "contextType": "dcountry"
    }
  ],
  "EnvironmentName":"environment_id",
  "TenantID":"TENANT_ID",
  "batchsize": 100,
  "updateself": "No",
  "updatecontext": "Yes",
  "analysismode": "on",
  "testmode": "On",
  "systemDataLocale": "en-US",
 

  "nestedtonested": [
    {
      "nestedAttribute": "gtininformation",
      "sourceAttributeForValue": "gtin",
      "sourceAttributeForUnit": "gtinloglevel",
      "targetAttribute": "gtin"
    }
  ],
  "nestedtosimple": [
    {
      "nestedAttribute": "gtininformation",
      "sourceAttributeForValue": "gtin",
      "sourceAttributeForUnit": "gtinloglevel",
      "targetAttribute": "vendorartid"
    }
  ],
  "simpletosimple": [
    {
      "sourceAttributeForValue": "sapid",
      "sourceAttributeForUnit": "forsalefrom",
      "targetAttribute": "flagforupdateworkflow"
    },
    {
      "sourceAttributeForValue": "sapcategoryidpath",
      "sourceAttributeForUnit": "internaltranslationstatus",
      "targetAttribute": "recupel"
    }
  ]
}