{
  "entityTypes": [
    {
      "entityType": "image"
    }
    
  ],
  "contextTypes": [
    {
      "contextType": "dcountry"
    }
  ],
  "custominput": {
    "entityids": ["belgium01322424variant","belgium01262963variant","belgium01626062variant"],
    "entitytype": "sku",
    "contexttype": "dcountry",
    "contextname": "Belgium"
  },
  "environmentName": "rdpdseu13",
  "tenantID": "carrefourds",
  "batchsize": 100,
  "updateself": "Yes",
  "updatecontext": "No",
  "analysismode": "On",
  "usecutomiput": "no",
  "simpleattribute": [
    {
      "sourceAttribute": "createdate"
    },
    {
      "sourceAttribute": "modifydate"
    },
    {
      "sourceAttribute": "property_createddate"
    },
    {
      "sourceAttribute": "profiledatetime"
    },
    {
      "sourceAttribute":"property_modifieddate"
    },
    {
      "sourceAttribute": "datecreated"
    }
  ],
  "nestedattribute": [
    {
      "nestedAttribute": "lastupdateddatebydp",
      "nestedChildAttribute": "lastupdateddate"
    }
  ],
  "multivalued": [
    {}
  ]
}